#;Nome;Tier;Dano;Vel;KB;Crit;Tipo de ataque;Mecânica única;Origem;Estação;Receita
001;Madeira Reforçada;1;8;1.1;4;4%;ArcSwing;"Repulsão física aumentada em 30% contra inimigos terrestres leves.";PDF (GDD);Bancada;25x Madeira + 4x Gosma
002;Cobre Rúnico;1;11;1.3;3;4%;ArcSwing;"Emite fagulhas elétricas de curtíssimo alcance (1 bloco) no ápice do arco.";PDF (GDD);Bancada;8x Barra de Cobre + 5x Gosma
003;Ferro Forjado;1;14;0.9;5;4%;ArcSwing;"Golpe pesado que bloqueia 10% do dano frontal durante a animação do ataque.";PDF (GDD);Bigorna;10x Barra de Ferro
004;Dente de Pedregulho;1;16;0.8;6;4%;ArcSwing;"Cria 2 estilhaços de pedra no impacto que causam 30% do dano base no chão.";PDF (GDD);Bigorna;80x Pedra + 6x Barra de Ferro
005;Vidro Vulcânico;1;19;1.5;2;4%;ArcSwing;"Aplica Sangramento Leve (2 dano/s por 3s). Espada possui 5% de chance de quebrar.";PDF (GDD);Bigorna;12x Obsidiana + 4x Barra de Ferro
006;Agulha de Cacto;1;12;1.2;3;4%;ArcSwing;"Dispara 3 espinhos de cacto em leque curto com alcance de 4 blocos.";PDF (GDD);Bancada;25x Cacto + 5x Madeira
007;Madeira Rúnica;1;10;1.4;3;4%;ArcSwing;"Emite um pulso de luz fraca permanentemente que ilumina cavernas ao atacar.";PDF (GDD);Bancada;30x Madeira + 5x Tocha + 5x Gosma
008;Cortadora de Espinhos;1;15;1.1;4;4%;ArcSwing;"Envenena o alvo, reduzindo a velocidade de movimento do inimigo em 15%.";PDF (GDD);Bigorna;20x Espinho da Selva + 4x Barra de Ferro
009;Quartzo Polido;1;13;1.6;2;4%;ArcSwing;"Aumenta a velocidade de ataque consecutiva em +5% a cada acerto (máx +25%).";PDF (GDD);Bigorna;20x Quartzo + 3x Barra de Ferro
010;Ouro Maciço;1;18;1;4;4%;ArcSwing;"Inimigos derrotados por esta espada dropam +20% de moedas de ouro.";PDF (GDD);Bigorna;10x Barra de Ouro
011;Prata Radiante;1;17;1.2;4;4%;ArcSwing;"Causa +50% de dano bônus contra alvos do tipo Morto-Vivo (Zombies/Skeletons).";PDF (GDD);Bigorna;10x Barra de Prata
012;Dente de Tubarão;1;20;1.3;3;4%;ArcSwing;"Aumenta o alcance da lâmina em +100% quando o jogador estiver submerso.";PDF (GDD);Bigorna;12x Dente de Tubarão + 4x Barra de Ferro
013;Lodo Verde Flutuante;1;14;1;5;4%;ArcSwing;"Aplica lentidão de 40% ao alvo por 1.5s através de gosma pegajosa.";PDF (GDD);Bancada;40x Gosma + 6x Madeira
014;Carvão Incandescente;1;15;1.1;3;4%;ArcSwing;"Incendeia o alvo causando 3 de dano de fogo por segundo durante 3 segundos.";PDF (GDD);Bigorna;25x Carvão + 3x Barra de Ferro
015;Âmbar Amarelo;1;16;1.2;3;4%;ArcSwing;"Acertos concedem um mini-escudo temporário de 3 HP (acumula até 15 HP por 5s).";PDF (GDD);Bigorna;15x Âmbar + 4x Barra de Ferro
016;Clava de Osso Antigo;1;22;0.7;7;4%;ArcSwing;"Arremessa um pequeno fragmento de osso em parábola no final do balanço.";PDF (GDD);Bancada;30x Osso + 10x Madeira
017;Garra de Besouro;1;15;1.3;4;4%;ArcSwing;"Concede +3 de armadura passiva para o jogador enquanto empunhada.";PDF (GDD);Bigorna;12x Garra de Besouro + 3x Barra de Ferro
018;Cogumelo Azul;1;13;1.4;2;4%;ArcSwing;"Solta esporos luminosos estáticos que causam dano a quem encostar.";PDF (GDD);Bancada;15x Cogumelo Luminoso + 8x Madeira
019;Bronzite Pesada;1;21;0.8;8;4%;ArcSwing;"Possui o maior knockback do Tier 1, arremessando inimigos para longe.";PDF (GDD);Bigorna;12x Barra de Bronzite
020;Pluma Leve;1;12;1.8;1;4%;Thrust;"Reduz a velocidade de queda do jogador em 50% enquanto estiver atacando no ar.";PDF (GDD);Bigorna;15x Pena + 3x Barra de Ferro
021;Platina Cortante;2;26;1.3;4;5%;ArcSwing;"Dispara uma lâmina de platina reta e veloz com alcance de 7 blocos a cada golpe.";CRIADA (PDF truncado);Bigorna;10x Barra de Platina
022;Presa Vampírica;2;28;1.2;3;5%;ArcSwing;"Roubo de vida baixo: cura 3% do dano causado (mínimo de 1 HP) a cada acerto.";CRIADA (PDF truncado);Bigorna;12x Presa Vampírica + 6x Barra de Ferro
023;Ferrão de Vespa;2;26;1.5;2;5%;Thrust;"Dispara 2 ferrões retos em V que envenenam o alvo (3 de dano/s por 3s).";CRIADA (PDF truncado);Bigorna;12x Ferrão + 6x Barra de Prata
024;Lâmina de Gelo Eterno;2;30;1.2;4;5%;ArcSwing;"Dispara um estilhaço de gelo reto que congela o alvo (lentidão de 50% por 2s).";CRIADA (PDF truncado);Bigorna;14x Fragmento Gélido + 6x Barra de Prata
025;Fornalha Viva;2;34;1;5;5%;ArcSwing;"Incendeia o alvo (4 de dano de fogo por segundo durante 4s) e deixa um rastro de brasas no ápice do arco.";CRIADA (PDF truncado);Bigorna;10x Barra de Infernal
026;Martelo de Meteorito;2;38;0.8;9;5%;ArcSwing;"Repulsão massiva: o knockback é dobrado e o alvo fica atordoado por 0.5s.";CRIADA (PDF truncado);Bigorna;16x Barra de Meteorito
027;Gume de Rubi;2;32;1.2;4;5%;ArcSwing;"Dispara um cristal de rubi reto que rouba 2 HP de vida a cada acerto.";CRIADA (PDF truncado);Bigorna;12x Rubi + 6x Barra de Ouro
028;Esmeralda Peçonhenta;2;29;1.3;3;5%;ArcSwing;"Dispara uma esmeralda reta; cada acerto acumula veneno (até 3 cargas de 2 de dano/s).";CRIADA (PDF truncado);Bigorna;12x Esmeralda + 6x Barra de Ouro
029;Topázio Trovejante;2;31;1.4;3;5%;ArcSwing;"Dispara uma centelha reta que atordoa o alvo por 0.4s (choque).";CRIADA (PDF truncado);Bigorna;12x Topázio + 4x Barra de Platina
030;Safira Glacial;2;30;1.3;3;5%;ArcSwing;"Ao acertar, libera uma nova de gelo (raio de 3 blocos) que retarda inimigos próximos em 40%.";CRIADA (PDF truncado);Bigorna;12x Safira + 6x Fragmento Gélido
031;Titã de Pedra;2;40;0.7;10;5%;ArcSwing;"Maior repulsão do Tier 2; inimigos arremessados contra blocos sofrem +30% de dano de colisão.";CRIADA (PDF truncado);Bigorna;80x Pedra + 12x Obsidiana + 6x Barra de Platina
032;Cutelo do Carniceiro;2;33;1.1;5;5%;ArcSwing;"Sangramento pesado (4 de dano/s por 5s) e roubo de vida baixo de 2%.";CRIADA (PDF truncado);Bigorna;25x Osso + 6x Presa Vampírica + 6x Barra de Platina
033;Estilete dos Ventos;2;27;1.6;1;5%;Thrust;"Dispara uma lâmina de vento reta e veloz que atravessa 2 inimigos.";CRIADA (PDF truncado);Bigorna;12x Pena + 6x Barra de Platina + 4x Ametista
034;Magma Cristalizado;2;36;0.9;6;5%;ArcSwing;"Arremessa uma gota de magma reta que explode em chamas (área pequena) ao colidir com inimigo ou bloco.";CRIADA (PDF truncado);Bigorna;8x Barra de Infernal + 12x Obsidiana + 10x Carvão
035;Sabre do Corsário;2;28;1.4;4;5%;ArcSwing;"Dispara uma bala de canhão curta que causa 150% do dano e empurra o alvo.";CRIADA (PDF truncado);Bigorna;10x Barra de Ouro + 8x Dente de Tubarão + 10x Madeira
036;Estocada Boreal;2;31;1.2;6;5%;Thrust;"Estocada que perfura até 2 inimigos em linha e congela o primeiro por 1s.";CRIADA (PDF truncado);Bigorna;12x Fragmento Gélido + 6x Barra de Platina
037;Lâmina do Crepúsculo;2;35;1.1;4;5%;ArcSwing;"Dispara um projétil de sombra reto; causa +20% de dano durante a noite.";CRIADA (PDF truncado);Bigorna;8x Barra de Platina + 10x Ametista + 10x Osso
038;Garra de Dragão Menor;2;39;1;5;5%;ArcSwing;"Dispara 3 bolas de fogo retas em leque curto; queimam por 3 de dano/s durante 3s.";CRIADA (PDF truncado);Bigorna;8x Barra de Infernal + 6x Rubi + 12x Carvão
039;Dualidade Elemental;2;37;1.3;4;5%;ArcSwing;"Alterna os golpes: ímpares incendeiam o alvo, pares o congelam.";CRIADA (PDF truncado);Bigorna;5x Barra de Infernal + 8x Fragmento Gélido + 4x Barra de Platina
040;Fúria Estelar;2;36;1.1;4;5%;ArcSwing;"Invoca uma estrela cadente do céu em linha reta sobre o ponto do cursor.";CRIADA (PDF truncado);Bigorna;8x Barra de Meteorito + 12x Pena + 6x Topázio
041;Cortadora de Cobalto;3;42;1.4;4;6%;ArcSwing;"Dispara um arco de plasma azul perfurante de rápida velocidade linear.";PDF (GDD);Bigorna Avançada;12x Barra de Cobalto + 4x Essência de Raio
042;Palladium Renovadora;3;45;1.2;5;6%;ArcSwing;"Concede a aura ""Regeneração de Sangue"", curando 1 HP/s durante 5s após acerto.";PDF (GDD);Bigorna Avançada;12x Barra de Paládio + 5x Essência de Sangue
043;Gládio de Mithril;3;48;1.6;3;6%;ArcSwing;"Ataca em ráfagas ultra-rápidas de 3 golpes consecutivos em um único clique.";PDF (GDD);Bigorna Avançada;12x Barra de Mithril + 4x Essência de Água
044;Orichalcum de Pétalas;3;50;1.3;4;6%;ArcSwing;"Invoca pétalas cortantes que voam das bordas da tela em direção ao alvo.";PDF (GDD);Bigorna Avançada;12x Barra de Orichalcum + 5x Essência de Terra
045;Aço Noturno;3;53;1.1;5;6%;ArcSwing;"Cria uma ilusão sombria atrás do jogador que repete o ataque 0.2s depois.";PDF (GDD);Bigorna Avançada;10x Barra de Cobalto + 6x Essência de Sombra
046;Espírito Congelado;3;46;1.3;4;6%;ArcSwing;"Dispara uma estalactite de gelo que se divide em 3 fragmentos ao colidir.";PDF (GDD);Bigorna Avançada;8x Barra de Cobalto + 8x Essência de Gelo
047;Katana Eletrostática;3;44;1.7;2;6%;ArcSwing;"Conecta alvos atingidos por uma corrente elétrica que causa dano compartilhado.";PDF (GDD);Bigorna Avançada;10x Barra de Paládio + 8x Essência de Raio
048;Foice do Pesadelo;3;58;0.8;7;6%;ArcSwing;"Lança uma lâmina sombria giratória que fica girando parada no ar por 3s.";PDF (GDD);Bigorna Avançada;10x Barra de Mithril + 10x Essência de Sombra
049;Flora Selvagem;3;49;1.2;4;6%;ArcSwing;"Ergue espinhos de cipó do solo diretamente abaixo do inimigo atingido.";PDF (GDD);Bigorna Avançada;8x Barra de Orichalcum + 6x Essência de Veneno + 20x Espinho da Selva
050;Caos Ácido;3;52;1;5;6%;ArcSwing;"Corrói a armadura do alvo, fazendo-o receber +25% de dano de todas as fontes.";PDF (GDD);Bigorna Avançada;10x Barra de Paládio + 8x Essência de Veneno
051;Cortadora Laser Antiga;3;47;1.5;2;6%;Beam;"Dispara feixe contínuo de luz instantânea reto de até 10 blocos de distância.";PDF (GDD);Bigorna Avançada;10x Barra de Mithril + 6x Essência de Luz + 4x Essência de Raio
052;Luz Sagrada;3;51;1.3;4;6%;ArcSwing;"Dispara uma esfera de luz que busca lentamente o inimigo mais próximo.";PDF (GDD);Bigorna Avançada;10x Barra de Orichalcum + 8x Essência de Luz
053;Dente de Kraken;3;55;0.9;6;6%;ArcSwing;"Gera um tentáculo do solo ao golpear que golpeia os alvos 2 vezes.";PDF (GDD);Bigorna Avançada;10x Barra de Cobalto + 8x Essência de Água + 6x Dente de Tubarão
054;Lâmina Terrestre;3;54;1.1;5;6%;ArcSwing;"Lança uma onda de choque pelo chão que segue a elevação dos blocos.";PDF (GDD);Bigorna Avançada;12x Barra de Paládio + 8x Essência de Terra
055;Sabre de Fóton;3;43;2;1;6%;ArcSwing;"Velocidade extrema de ataque contínuo sem cooldown ao manter o botão pressionado.";PDF (GDD);Bigorna Avançada;12x Barra de Mithril + 8x Essência de Luz + 6x Essência de Raio
056;Espada do Sacrifício;3;68;1;6;6%;ArcSwing;"Drena 3 HP do jogador por golpe para causar +100% de dano massivo.";PDF (GDD);Bigorna Avançada;12x Barra de Orichalcum + 10x Essência de Sangue
057;Gládio de Mercúrio;3;48;1.4;3;6%;ArcSwing;"Deixa o jogador ultra veloz por 2s após acertar um golpe em um inimigo.";PDF (GDD);Bigorna Avançada;10x Barra de Paládio + 6x Essência de Água + 2x Essência de Raio
058;Vulcão Ativo;3;60;0.8;7;6%;ArcSwing;"Cria uma erupção de lava no ponto de impacto lançando pedras em chamas.";PDF (GDD);Bigorna Avançada;12x Barra de Orichalcum + 10x Essência de Fogo
059;Cortadora Temporal;3;50;1.3;3;6%;ArcSwing;"Teleporta o jogador 3 blocos para a frente instantaneamente no balanço.";PDF (GDD);Bigorna Avançada;10x Barra de Mithril + 4x Essência do Tempo
060;Maldição Eterna;3;56;1.1;5;6%;ArcSwing;"Impede que inimigos atingidos regenerem vida ou recebam buffs por 10s.";PDF (GDD);Bigorna Avançada;12x Barra de Cobalto + 8x Essência de Sombra + 4x Essência de Sangue
061;Abalo Sísmico;4;80;1;7;7%;ArcSwing;"Onda de choque percorre o relevo do chão por 12 blocos em ambas as direções, acompanhando a elevação.";CRIADA (PDF truncado);Bigorna Avançada;10x Barra de Titânio + 8x Essência de Terra
062;Tremor do Colosso;4;92;0.8;9;7%;ArcSwing;"Duas ondas de choque largas em sequência que arremessam os inimigos para o alto.";CRIADA (PDF truncado);Bigorna Avançada;14x Barra de Titânio + 12x Essência de Terra
063;Rachadura Tectônica;4;84;0.9;7;7%;ArcSwing;"Abre uma fenda incandescente no chão que causa dano contínuo por 3s a quem a atravessar.";CRIADA (PDF truncado);Bigorna Avançada;10x Barra de Adamantita + 8x Essência de Terra + 4x Essência de Fogo
064;Marreta da Montanha;4;100;0.75;10;7%;ArcSwing;"O impacto gera ondas de choque e atordoa por 1s os inimigos terrestres próximos.";CRIADA (PDF truncado);Bigorna Avançada;16x Barra de Adamantita + 12x Essência de Terra
065;Estalagmite Rúnica;4;78;1;5;7%;ArcSwing;"Ergue 3 estalagmites do chão à frente do jogador causando 120% do dano.";CRIADA (PDF truncado);Bigorna Avançada;8x Barra de Titânio + 6x Essência de Terra + 10x Quartzo
066;Presa de Cristal;4;82;1.1;5;7%;ArcSwing;"Uma linha de estalagmites de cristal irrompe do solo em cascata, na direção do alvo.";CRIADA (PDF truncado);Bigorna Avançada;8x Barra de Titânio + 6x Essência de Terra + 4x Essência de Luz
067;Lança de Calcário;4;88;0.95;6;7%;Thrust;"Uma enorme estalagmite irrompe sob o inimigo atingido causando 200% do dano.";CRIADA (PDF truncado);Bigorna Avançada;10x Barra de Adamantita + 10x Essência de Terra
068;Coroa de Pedra;4;90;0.9;7;7%;ArcSwing;"Cerca o inimigo atingido com um anel de 6 estalagmites que o aprisionam e ferem.";CRIADA (PDF truncado);Bigorna Avançada;12x Barra de Titânio + 10x Essência de Terra + 4x Essência de Sombra
069;Esporo Fantasma;4;74;1.3;3;7%;Orbital;"Libera 4 esporos flutuantes que orbitam o jogador por 6s e explodem ao tocar inimigos.";CRIADA (PDF truncado);Bigorna Avançada;8x Barra de Titânio + 20x Esporo + 6x Essência de Veneno
070;Cogumelo Profano;4;76;1.2;3;7%;ArcSwing;"Cada acerto libera uma nuvem de esporos tóxicos flutuantes (dano contínuo por 4s).";CRIADA (PDF truncado);Bigorna Avançada;8x Barra de Adamantita + 25x Esporo + 8x Essência de Veneno
071;Colheita Micélica;4;72;1.4;2;7%;ArcSwing;"Esporos flutuantes curam o jogador em 2 HP quando atingem inimigos.";CRIADA (PDF truncado);Bigorna Avançada;8x Barra de Titânio + 20x Esporo + 6x Essência de Sangue
072;Fungo da Perdição;4;86;1.1;4;7%;ArcSwing;"Esporos à deriva se atraem a inimigos próximos e causam lentidão de 45%.";CRIADA (PDF truncado);Bigorna Avançada;9x Barra de Adamantita + 25x Esporo + 6x Essência de Sombra
073;Núcleo Gravitacional;4;94;1;5;7%;ArcSwing;"Cria uma aura gravitacional ao redor do jogador por 4s que puxa inimigos e reduz sua velocidade em 40%.";CRIADA (PDF truncado);Bigorna Avançada;10x Barra de Titânio + 6x Essência do Tempo + 4x Essência de Luz
074;Pêndulo Orbital;4;85;1.2;6;7%;ArcSwing;"Aura gravitacional repulsiva por 3s: afasta inimigos e desintegra projéteis hostis dentro de 5 blocos.";CRIADA (PDF truncado);Bigorna Avançada;10x Barra de Adamantita + 6x Essência do Tempo + 4x Essência de Água
075;Anomalia de Gravidade;4;96;0.95;6;7%;ArcSwing;"Inverte a gravidade dos inimigos atingidos numa área, fazendo-os flutuar por 2s.";CRIADA (PDF truncado);Bigorna Avançada;12x Barra de Titânio + 8x Essência do Tempo
076;Lente Gravitacional;4;80;1.1;4;7%;ArcSwing;"Aura de lente: inimigos dentro dela sofrem +15% de dano e ficam 60% mais lentos.";CRIADA (PDF truncado);Bigorna Avançada;12x Barra de Adamantita + 8x Essência de Luz + 4x Essência do Tempo
077;Titânio Vulcânico;4;98;0.9;7;7%;ArcSwing;"Onda de choque flamejante no chão que deixa chamas por 3s e incendeia o alvo.";CRIADA (PDF truncado);Bigorna Avançada;12x Barra de Titânio + 12x Essência de Fogo + 6x Essência de Terra
078;Adamantita Sísmica;4;104;0.8;8;7%;ArcSwing;"Três ondas de choque consecutivas a cada golpe, cada uma indo mais longe que a anterior.";CRIADA (PDF truncado);Bigorna Avançada;14x Barra de Adamantita + 14x Essência de Terra
079;Estalactite Invertida;4;83;1.2;4;7%;ArcSwing;"Estalagmites e estalactites brotam do chão e do teto ao redor do alvo atingido.";CRIADA (PDF truncado);Bigorna Avançada;10x Barra de Titânio + 8x Essência de Gelo + 6x Essência de Terra
080;Eclipse Terrestre;4;102;0.85;8;7%;ArcSwing;"Combina onda de choque e aura gravitacional: puxa os inimigos ao ápice e os esmaga com ondas no chão.";CRIADA (PDF truncado);Bigorna Avançada;16x Barra de Adamantita + 10x Essência de Terra + 6x Essência do Tempo
081;Destruidora Solar;5;120;1.2;6;8%;ArcSwing;"Invoca um meteoro solar massivo que destrói blocos e devasta a área.";PDF (GDD);Forja Celeste;10x Barra de Celeste + 15x Essência de Fogo
082;Lâmina Dimensional;5;115;1.4;4;8%;ArcSwing;"Ataque atravessa paredes, obstáculos e terrenos sem perder dano.";PDF (GDD);Forja Celeste;9x Barra de Celeste + 12x Essência de Sombra + 4x Essência do Tempo
083;Matéria Escura;5;130;1;7;8%;ArcSwing;"Cria um mini buraco negro no impacto que suga todos os inimigos próximos.";PDF (GDD);Forja Celeste;12x Barra de Celeste + 15x Essência de Sombra
084;Katana do Vazio;5;110;1.8;3;8%;ArcSwing;"Concede 2s de Invisibilidade e Invulnerabilidade após eliminar um alvo.";PDF (GDD);Forja Celeste;9x Barra de Celeste + 10x Essência de Sombra + 5x Essência do Tempo
085;Cortadora da Galáxia;5;125;1.3;5;8%;Orbital;"Dispara uma espiral de 4 planetas orbitantes que expandem em leque.";PDF (GDD);Forja Celeste;10x Barra de Celeste + 10x Essência de Luz + 4x Essência do Tempo
086;Tempo Congelado;5;118;1.2;5;35%;ArcSwing;"Para o tempo e a movimentação de todos os inimigos na tela por 1.5s no Crit.";PDF (GDD);Forja Celeste;10x Barra de Celeste + 10x Essência do Tempo
087;Gládio Nebular;5;122;1.4;4;8%;ArcSwing;"Invoca esferas de plasma auto-guiadas que perseguem alvos autonomamente.";PDF (GDD);Forja Celeste;10x Barra de Celeste + 8x Essência de Luz + 6x Essência de Sombra
088;Singularidade Denso;5;135;0.9;8;8%;ArcSwing;"Comprime a massa dos inimigos reduzindo o tamanho e a defesa deles.";PDF (GDD);Forja Celeste;12x Barra de Celeste + 10x Essência de Terra + 8x Essência de Sombra
089;Fim dos Tempos;5;140;1.1;6;8%;ArcSwing;"Aplica Podridão Cósmica (100 de dano por segundo durante 4 segundos).";PDF (GDD);Forja Celeste;12x Barra de Celeste + 10x Essência do Tempo + 10x Essência de Sangue
090;Cortadora Hiperbólica;5;112;1.6;3;8%;Thrust;"Aumenta o alcance físico da lâmina em +20% a cada golpe no ar.";PDF (GDD);Forja Celeste;9x Barra de Celeste + 10x Essência de Raio
091;Foice do Titã;5;150;0.8;9;8%;ArcSwing;"Causa dano proporcional à vida máxima do alvo (5% Max HP bônus).";PDF (GDD);Forja Celeste;14x Barra de Celeste + 15x Essência de Terra + 6x Essência de Sangue
092;Luz Pulsante Nova;5;116;1.5;4;8%;ArcSwing;"Emite um flash fotônico que cega todos os inimigos da tela por 3 segundos.";PDF (GDD);Forja Celeste;10x Barra de Celeste + 12x Essência de Luz
093;Sabre Corrosivo Solar;5;128;1.2;5;8%;ArcSwing;"Deixa chamas solares estáticas no ar que causam dano contínuo por 6s.";PDF (GDD);Forja Celeste;11x Barra de Celeste + 10x Essência de Fogo + 6x Essência de Veneno
094;Caos Primordial;5;121;1.4;4;8%;ArcSwing;"Aplica um efeito elemental aleatório diferente (Fogo/Gelo/Raio/Veneno) por golpe.";PDF (GDD);Forja Celeste;10x Barra de Celeste + 5x Essência de Fogo + 5x Essência de Gelo + 5x Essência de Raio + 5x Essência de Veneno
095;Devoradora de Deuses;5;145;1;7;8%;ArcSwing;"Concede +100% de velocidade de ataque se o HP do jogador estiver abaixo de 30%.";PDF (GDD);Forja Celeste;13x Barra de Celeste + 15x Essência de Sangue
096;Cortadora Quantum;5;124;1.5;3;12%;ArcSwing;"O dano é multiplicado por 2.5x se o ataque for realizado pelas costas do alvo.";PDF (GDD);Forja Celeste;10x Barra de Celeste + 8x Essência de Sombra + 6x Essência do Tempo
097;Rúnica Celestial;5;132;1.2;5;8%;ArcSwing;"Invoca uma chuva vertical de espadas de luz que caem em linha reta.";PDF (GDD);Forja Celeste;11x Barra de Celeste + 12x Essência de Luz
098;Gládio Antimatéria;5;138;1.1;6;8%;ArcSwing;"Desintegra instantaneamente projéteis inimigos que tocarem na lâmina.";PDF (GDD);Forja Celeste;11x Barra de Celeste + 8x Essência de Luz + 8x Essência de Sombra
099;Pesadelo Profundo;5;127;1.3;5;8%;ArcSwing;"Causa o efeito Pânico em área, fazendo inimigos fugirem do jogador por 3s.";PDF (GDD);Forja Celeste;11x Barra de Celeste + 12x Essência de Sombra
100;Sabre do Julgamento;5;142;1;7;8%;Beam;"Dispara um feixe contínuo de energia divina que atravessa a tela inteira.";PDF (GDD);Forja Celeste;13x Barra de Celeste + 15x Essência de Luz + 4x Essência do Tempo
101;Rastro Estelar;6;180;1.4;5;10%;ArcSwing;"Dispara 5 projéteis estelares rastreadores que perseguem alvos automaticamente.";CRIADA (PDF truncado);Forja Celeste;1x Núcleo Mítico + 8x Barra de Celeste + 6x Essência do Tempo
102;Colapso Estelar;6;230;0.9;8;10%;ArcSwing;"Implode uma estrela no ponto de impacto: puxa todos os inimigos próximos e os esmaga numa explosão enorme.";CRIADA (PDF truncado);Forja Celeste;1x Núcleo Mítico + 12x Barra de Celeste + 10x Essência de Luz + 8x Essência do Tempo
103;Portal do Abismo;6;205;1.2;5;10%;ArcSwing;"Abre 2 portais ao lado do alvo que disparam lâminas rastreadoras a cada 0.3s por 3s.";CRIADA (PDF truncado);Forja Celeste;1x Núcleo Mítico + 10x Barra de Celeste + 12x Essência de Sombra + 6x Essência do Tempo
104;Julgamento Final;6;270;0.8;9;10%;ArcSwing;"A cada 5 golpes, causa dano a todos os inimigos visíveis na tela.";CRIADA (PDF truncado);Forja Celeste;1x Núcleo Mítico + 14x Barra de Celeste + 15x Essência de Luz + 8x Essência do Tempo
105;Eterno Retorno;6;195;1.3;4;10%;ArcSwing;"Arremessa uma lâmina rastreadora que volta ao jogador, atingindo duas vezes (ida e volta).";CRIADA (PDF truncado);Forja Celeste;1x Núcleo Mítico + 9x Barra de Celeste + 10x Essência de Água + 6x Essência do Tempo
106;Oráculo Cósmico;6;215;1.1;5;10%;ArcSwing;"Marca os inimigos atingidos por 6s; lâminas rastreadoras atacam automaticamente os alvos marcados.";CRIADA (PDF truncado);Forja Celeste;1x Núcleo Mítico + 10x Barra de Celeste + 10x Essência de Luz + 8x Essência de Sombra
107;Fenda Dimensional;6;225;1;6;10%;ArcSwing;"No ápice, abre um portal de ataque que dispara uma lâmina gigante perfurante (300% do dano).";CRIADA (PDF truncado);Forja Celeste;1x Núcleo Mítico + 11x Barra de Celeste + 10x Essência de Sombra + 8x Essência do Tempo
108;Constelação Viva;6;190;1.5;4;10%;Thrust;"Cada golpe planta uma estrela viva no alvo; as estrelas disparam raios rastreadores por 8s.";CRIADA (PDF truncado);Forja Celeste;1x Núcleo Mítico + 9x Barra de Celeste + 10x Essência de Luz + 6x Essência do Tempo
109;Aurora Eterna;6;240;1;6;10%;Beam;"Feixe de aurora que varre toda a tela de um lado a outro (dano em linha em tela cheia).";CRIADA (PDF truncado);Forja Celeste;1x Núcleo Mítico + 12x Barra de Celeste + 12x Essência de Luz + 10x Essência de Gelo
110;Eclipse Total;6;255;0.9;7;10%;ArcSwing;"Escurece a tela e causa dano a todos os inimigos visíveis (55% do dano), deixando-os cegos por 3.5s.";CRIADA (PDF truncado);Forja Celeste;1x Núcleo Mítico + 13x Barra de Celeste + 15x Essência de Sombra + 8x Essência do Tempo
111;Hipernova;6;265;0.85;9;10%;ArcSwing;"No ápice, uma supernova explode sobre o cursor: dano em área gigantesca com flash de tela cheia.";CRIADA (PDF truncado);Forja Celeste;1x Núcleo Mítico + 14x Barra de Celeste + 15x Essência de Fogo + 12x Essência de Luz
112;Ceifador de Almas;6;200;1.3;3;10%;ArcSwing;"Lâminas espectrais rastreadoras brotam de inimigos derrotados e perseguem outros alvos.";CRIADA (PDF truncado);Forja Celeste;1x Núcleo Mítico + 10x Barra de Celeste + 12x Essência de Sangue + 10x Essência de Sombra
113;Lâmina da Criação;6;210;1.2;5;10%;Orbital;"Cria 3 cópias espectrais da espada que orbitam o jogador por 5s e golpeiam alvos próximos.";CRIADA (PDF truncado);Forja Celeste;1x Núcleo Mítico + 11x Barra de Celeste + 12x Essência de Luz + 6x Essência do Tempo
114;Furacão Astral;6;185;1.6;4;10%;ArcSwing;"Dispara 3 foices rastreadoras em espiral a cada golpe.";CRIADA (PDF truncado);Forja Celeste;1x Núcleo Mítico + 9x Barra de Celeste + 12x Essência de Raio + 6x Essência do Tempo
115;Rei do Apocalipse;6;280;0.8;10;10%;ArcSwing;"Colapso de meteoros: 8 meteoros caem do céu sobre a área alvo, causando explosões em cadeia.";CRIADA (PDF truncado);Forja Celeste;1x Núcleo Mítico + 15x Barra de Celeste + 15x Essência de Fogo + 10x Essência de Sangue
116;Singularidade Eterna;6;235;0.95;7;10%;ArcSwing;"Cria um buraco negro rastreador que persegue inimigos por 6s, sugando e esmagando tudo.";CRIADA (PDF truncado);Forja Celeste;1x Núcleo Mítico + 13x Barra de Celeste + 15x Essência de Sombra + 10x Essência do Tempo
117;Mestre dos Portais;6;220;1.15;5;10%;ArcSwing;"Abre um portal no cursor que dispara 6 lâminas rastreadoras em todas as direções, duas vezes.";CRIADA (PDF truncado);Forja Celeste;1x Núcleo Mítico + 11x Barra de Celeste + 12x Essência de Sombra + 8x Essência do Tempo
118;Armagedom;6;275;0.8;8;10%;ArcSwing;"Danos em tela cheia contínuos: todos os inimigos visíveis sofrem 35% do dano a cada golpe.";CRIADA (PDF truncado);Forja Celeste;1x Núcleo Mítico + 14x Barra de Celeste + 12x Essência de Fogo + 10x Essência de Sangue
119;Origem do Cosmos;6;250;1;6;10%;ArcSwing;"Combina tudo: leque de 8 projéteis rastreadores e um portal de ataque que dispara uma lâmina gigante.";CRIADA (PDF truncado);Forja Celeste;1x Núcleo Mítico + 13x Barra de Celeste + 12x Essência de Luz + 12x Essência do Tempo
120;Gênesis Primordial;6;280;1.1;8;18%;ArcSwing;"A espada suprema: rastreadores a cada golpe, colapso estelar em críticos e dano em tela cheia a cada 3 golpes.";CRIADA (PDF truncado);Forja Celeste;1x Núcleo Mítico + 20x Barra de Celeste + 15x Essência de Luz + 15x Essência do Tempo + 12x Essência de Sombra
